name,phone_number,,,,,,,,,,,,,,
Arya,011 220 779,,,,,,,,,,,,,,
Rebbecca,38 174 9123,,,,,,,,,,,,,,
Stevie,799973366,,,,,,,,,,,,,,
Mariko,855589019,,,,,,,,,,,,,,
Gerardo,260444682,,,,,,,,,,,,,,
Mayra,214556085,,,,,,,,,,,,,, 
Idella,878681355,,,,,,,,,,,,,,
Sherill,865228931,,,,,,,,,,,,,,
Ena,252269402,,,,,,,,,,,,,,
Vince,731849989,,,,,,,,,,,,,,
Theron,868904661,,,,,,,,,,,,,,
Amira,781353271,,,,,,,,,,,,,,
Marica,311746817,,,,,,,,,,,,,,
Shawna,779776039,,,,,,,,,,,,,,
Paulina,883448929,,,,,,,,,,,,,,
Rose,749419471,,,,,,,,,,,,,,
Reita,235187078,,,,,,,,,,,,,,
Maybelle,793877293,,,,,,,,,,,,,,
Camellia,251714345,,,,,,,,,,,,,,
Roy,253117778,,,,,,,,,,,,,,
Albert,793542612,,,,,,,,,,,,,,
Hayley,216384380,,,,,,,,,,,,,,
Norah,253226127,,,,,,,,,,,,,,
Rosina,764604488,,,,,,,,,,,,,,
Royal,753386357,,,,,,,,,,,,,,
Barrie,364432786,,,,,,,,,,,,,,
Linsey,747853781,,,,,,,,,,,,,,
Laura,365436688,,,,,,,,,,,,,,
Fanny,737219123,,,,,,,,,,,,,,
Kristian,827481250,,,,,,,,,,,,,,
Gwen,370636734,,,,,,,,,,,,,,
Ben,281719051,,,,,,,,,,,,,,
Trina,711538567,,,,,,,,,,,,,,
Emelda,870973947,,,,,,,,,,,,,,
Zana,779918880,,,,,,,,,,,,,,
Shaun,389985485,,,,,,,,,,,,,,
Oren,250461307,,,,,,,,,,,,,,
Catherin,764761399,,,,,,,,,,,,,,
Pearlene,744637223,,,,,,,,,,,,,,
Kathryn,830712258,,,,,,,,,,,,,,
Suzan,715761412,,,,,,,,,,,,,,
Sommer,891303372,,,,,,,,,,,,,,
Keena,249723570,,,,,,,,,,,,,,
Rupert,271602066,,,,,,,,,,,,,,
Aleta,326911298,,,,,,,,,,,,,,
Jamal,238779654,,,,,,,,,,,,,,
Luz,726791774,,,,,,,,,,,,,,
Janessa,223676845,,,,,,,,,,,,,,
Lavonne,334742120,,,,,,,,,,,,,,
Honey,780872603,,,,,,,,,,,,,,
Jean,852632786,,,,,,,,,,,,,,
Katlyn,717789968,,,,,,,,,,,,,,
Cassie,826666390,,,,,,,,,,,,,,
Rolf,244582810,,,,,,,,,,,,,,
Darnell,239969188,,,,,,,,,,,,,,
Cherilyn,248731914,,,,,,,,,,,,,,
Lynda,349334205,,,,,,,,,,,,,,
Leigha,748239785,,,,,,,,,,,,,,
Delfina,836925784,,,,,,,,,,,,,,
Carlota,250784389,,,,,,,,,,,,,,
Alida,716423251,,,,,,,,,,,,,,
Donte,723736048,,,,,,,,,,,,,,
Lou,273283350,,,,,,,,,,,,,,
Dortha,319816209,,,,,,,,,,,,,,
Genevive,262465711,,,,,,,,,,,,,,
Alease,737601546,,,,,,,,,,,,,,
Veda,760342422,,,,,,,,,,,,,,
Craig,254877528,,,,,,,,,,,,,,
Lauran,225465344,,,,,,,,,,,,,,
Aaron,798964827,,,,,,,,,,,,,,
Francene,259413178,,,,,,,,,,,,,,
Zena,328228156,,,,,,,,,,,,,,
Brigette,357223451,,,,,,,,,,,,,,
Jeniffer,332685102,,,,,,,,,,,,,,
Selma,391839493,,,,,,,,,,,,,,
Elenora,856713318,,,,,,,,,,,,,,
Nadine,897462341,,,,,,,,,,,,,,
Kristin,345297210,,,,,,,,,,,,,,
Melinda,343873800,,,,,,,,,,,,,,
Kirby,752843845,,,,,,,,,,,,,,
Kent,786614016,,,,,,,,,,,,,,
Dan,743061623,,,,,,,,,,,,,,
Millie,360232680,,,,,,,,,,,,,,
Moira,876874883,,,,,,,,,,,,,,
Reta,319749948,,,,,,,,,,,,,,
Brittney,340727094,,,,,,,,,,,,,,
Leandro,381574609,,,,,,,,,,,,,,
Edison,891141763,,,,,,,,,,,,,,
Breana,323058627,,,,,,,,,,,,,,
Jarvis,821175217,,,,,,,,,,,,,,
Felicitas,324511896,,,,,,,,,,,,,,
Geraldine,382432999,,,,,,,,,,,,,,
Alfred,894507978,,,,,,,,,,,,,,
Leatha,876358350,,,,,,,,,,,,,,
Jacquelyne,245656425,,,,,,,,,,,,,,
Jonelle,780858351,,,,,,,,,,,,,,
Rosamond,280075034,,,,,,,,,,,,,,
Johnson,217184983,,,,,,,,,,,,,,
Elliot,236479507,,,,,,,,,,,,,,
Gerri,760197861,,,,,,,,,,,,,,
Rosendo,877124785,,,,,,,,,,,,,,
Eveline,395179800,,,,,,,,,,,,,,
Laurene,829692908,,,,,,,,,,,,,,
Tegan,266049720,,,,,,,,,,,,,,
Tracie,719516787,,,,,,,,,,,,,,
Mertie,854756162,,,,,,,,,,,,,,
Clare,892566135,,,,,,,,,,,,,,
Rebeca,270497728,,,,,,,,,,,,,,
Nilsa,789978513,,,,,,,,,,,,,,
Samuel,279956787,,,,,,,,,,,,,,
Ivette,398019429,,,,,,,,,,,,,,
Merrilee,791041459,,,,,,,,,,,,,,
Gianna,343285253,,,,,,,,,,,,,,
Hyman,857569456,,,,,,,,,,,,,,
Buck,892791731,,,,,,,,,,,,,,
Kenny,362408274,,,,,,,,,,,,,,
Tabetha,768136477,,,,,,,,,,,,,,
Alonso,370367071,,,,,,,,,,,,,,
Alonzo,324037167,,,,,,,,,,,,,,
Son,223767653,,,,,,,,,,,,,,
Jesusita,836053943,,,,,,,,,,,,,,
Annice,267696153,,,,,,,,,,,,,,
Delila,817917668,,,,,,,,,,,,,,
Iraida,348125654,,,,,,,,,,,,,,
Alona,867774159,,,,,,,,,,,,,,
Lajuana,356612424,,,,,,,,,,,,,,
Madelyn,221298131,,,,,,,,,,,,,,
Louann,750354889,,,,,,,,,,,,,,
William,749635297,,,,,,,,,,,,,,
Corazon,816247236,,,,,,,,,,,,,,
Fairy,891597562,,,,,,,,,,,,,,
Lashawn,247946673,,,,,,,,,,,,,,
Ronald,377349557,,,,,,,,,,,,,,
Shizue,322979891,,,,,,,,,,,,,,
Nida,774452572,,,,,,,,,,,,,,
Amos,345399131,,,,,,,,,,,,,,
Dexter,324546523,,,,,,,,,,,,,,
Ludivina,753784498,,,,,,,,,,,,,,
Ariel,365104788,,,,,,,,,,,,,,
Haley,370356484,,,,,,,,,,,,,,
Raelene,348781766,,,,,,,,,,,,,,
Micaela,888568589,,,,,,,,,,,,,,
Alpha,790538045,,,,,,,,,,,,,,
Zack,899482940,,,,,,,,,,,,,,
Wilford,774452538,,,,,,,,,,,,,,
Carman,315709956,,,,,,,,,,,,,,
Carylon,388587088,,,,,,,,,,,,,,
Gladys,845642338,,,,,,,,,,,,,,
Matilda,311305685,,,,,,,,,,,,,,
Jacklyn,262878787,,,,,,,,,,,,,,
Tashia,776595711,,,,,,,,,,,,,,
Dorian,277396600,,,,,,,,,,,,,,
Jesus,393419757,,,,,,,,,,,,,,
Brandee,836145966,,,,,,,,,,,,,,
Edda,314658645,,,,,,,,,,,,,,
Felix,314313996,,,,,,,,,,,,,,
Ben,279689243,,,,,,,,,,,,,,
Mickie,776475420,,,,,,,,,,,,,,
Phung,396175392,,,,,,,,,,,,,,
Lashonda,398387533,,,,,,,,,,,,,,
Patria,265223993,,,,,,,,,,,,,,
Nidia,784418214,,,,,,,,,,,,,,
Skye,390753104,,,,,,,,,,,,,,
Kanisha,329218418,,,,,,,,,,,,,,
Hector,330178394,,,,,,,,,,,,,,
Stefan,845636214,,,,,,,,,,,,,,
Francoise,839149404,,,,,,,,,,,,,,
Lindy,794079202,,,,,,,,,,,,,,
Arthur,325173453,,,,,,,,,,,,,,
Nicholle,771444719,,,,,,,,,,,,,,
Tijuana,714159307,,,,,,,,,,,,,,
Lorenza,880817779,,,,,,,,,,,,,,
Iola,823255905,,,,,,,,,,,,,,
Sang,389125755,,,,,,,,,,,,,,
Leonor,274638776,,,,,,,,,,,,,,
Silvana,351756193,,,,,,,,,,,,,,
Anthony,770928542,,,,,,,,,,,,,,
Wenona,228321545,,,,,,,,,,,,,,
Isadora,795956042,,,,,,,,,,,,,,
Mose,757698004,,,,,,,,,,,,,,
Marci,833423889,,,,,,,,,,,,,,
Michel,861839260,,,,,,,,,,,,,,
Stephania,257255992,,,,,,,,,,,,,,
Charolette,847355054,,,,,,,,,,,,,,
Katie,272659702,,,,,,,,,,,,,,
Inocencia,362682647,,,,,,,,,,,,,,
Nikita,357161053,,,,,,,,,,,,,,
Malcolm,798263950,,,,,,,,,,,,,,
Desiree,852894594,,,,,,,,,,,,,,
Holley,298859593,,,,,,,,,,,,,,
Maryann,815204093,,,,,,,,,,,,,,
Ling,713306750,,,,,,,,,,,,,,
Hailey,737991667,,,,,,,,,,,,,,
Farrah,371396376,,,,,,,,,,,,,,
Candra,342313633,,,,,,,,,,,,,,
Reuben,214025215,,,,,,,,,,,,,,
Anglea,732392830,,,,,,,,,,,,,,
Paris,888682010,,,,,,,,,,,,,,
Latricia,854443296,,,,,,,,,,,,,,
Jeffrey,812674421,,,,,,,,,,,,,,
Dean,367761146,,,,,,,,,,,,,,
Deane,297182944,,,,,,,,,,,,,,
Edelmira,884843223,,,,,,,,,,,,,,
Andrew,352513153,,,,,,,,,,,,,,
Miesha,351856258,,,,,,,,,,,,,,
Javier,383696924,,,,,,,,,,,,,,
Kizzy,819373980,,,,,,,,,,,,,,
Sharan,847122157,,,,,,,,,,,,,,
Novella,226121455,,,,,,,,,,,,,,
German,223933289,,,,,,,,,,,,,,
Robt,365179318,,,,,,,,,,,,,,
Rossana,898552125,,,,,,,,,,,,,,
Henriette,399355135,,,,,,,,,,,,,,
Buffy,316005230,,,,,,,,,,,,,,
Christiane,896939052,,,,,,,,,,,,,,
Annamae,219193941,,,,,,,,,,,,,,
Vanesa,770524547,,,,,,,,,,,,,,
Gennie,847532870,,,,,,,,,,,,,,
Tamra,856149153,,,,,,,,,,,,,,
Tien,377676169,,,,,,,,,,,,,,
Malcom,324779133,,,,,,,,,,,,,,
Claudia,242463092,,,,,,,,,,,,,,
Page,324845500,,,,,,,,,,,,,,
Lorita,823583115,,,,,,,,,,,,,,
Annita,833843181,,,,,,,,,,,,,,
Eliseo,298292371,,,,,,,,,,,,,,
Tyisha,821586758,,,,,,,,,,,,,,
Colene,243761104,,,,,,,,,,,,,,
Francis,359337288,,,,,,,,,,,,,,
Hester,216226412,,,,,,,,,,,,,,
Susana,254105137,,,,,,,,,,,,,,
Dahlia,382168640,,,,,,,,,,,,,,
Osvaldo,748545045,,,,,,,,,,,,,,
Armando,881618201,,,,,,,,,,,,,,
Torie,783714719,,,,,,,,,,,,,,
Tamie,870465484,,,,,,,,,,,,,,
Lettie,358555156,,,,,,,,,,,,,,
Chaya,859434352,,,,,,,,,,,,,,
Terina,391077349,,,,,,,,,,,,,,
Lisbeth,811844145,,,,,,,,,,,,,,
Lillian,735946592,,,,,,,,,,,,,,
Corrina,879155110,,,,,,,,,,,,,,
Dylan,723192889,,,,,,,,,,,,,,
Jerrod,295549632,,,,,,,,,,,,,,
Gracie,324448291,,,,,,,,,,,,,,
Barabara,234496894,,,,,,,,,,,,,,
Delsie,313618465,,,,,,,,,,,,,,
Cassie,279225417,,,,,,,,,,,,,,
Tamekia,274988576,,,,,,,,,,,,,,
Johanna,259701748,,,,,,,,,,,,,,
Sharita,273864544,,,,,,,,,,,,,,
Gerald,774466315,,,,,,,,,,,,,,
Ardella,735819462,,,,,,,,,,,,,,
Jackie,798406419,,,,,,,,,,,,,,
Mabelle,788576463,,,,,,,,,,,,,,
Jonell,250952983,,,,,,,,,,,,,,
Linwood,360532447,,,,,,,,,,,,,,
Samira,795122457,,,,,,,,,,,,,,
Julieta,742176258,,,,,,,,,,,,,,
Serita,829417378,,,,,,,,,,,,,,
Tori,224931870,,,,,,,,,,,,,,
Nancey,232483283,,,,,,,,,,,,,,
Wilbert,791786430,,,,,,,,,,,,,,
Werner,390855714,,,,,,,,,,,,,,
Sunny,712179907,,,,,,,,,,,,,,
Keva,291874769,,,,,,,,,,,,,,
Mary,739634469,,,,,,,,,,,,,,
Huey,852362143,,,,,,,,,,,,,,
Antonio,361447318,,,,,,,,,,,,,,
Quinn,272399923,,,,,,,,,,,,,,
Carin,883433550,,,,,,,,,,,,,,
Jill,716989047,,,,,,,,,,,,,,
Sanjuana,222082711,,,,,,,,,,,,,,
Elin,852219700,,,,,,,,,,,,,,
Charlena,876152416,,,,,,,,,,,,,,
Annette,754179612,,,,,,,,,,,,,,
Alexis,818951457,,,,,,,,,,,,,,
Princess,226566234,,,,,,,,,,,,,,
Ashton,392153224,,,,,,,,,,,,,,
Elmer,210754690,,,,,,,,,,,,,,
Aliza,293247803,,,,,,,,,,,,,,
Ora,383574617,,,,,,,,,,,,,,
Brent,845639520,,,,,,,,,,,,,,
Tora,888088104,,,,,,,,,,,,,,
Hildred,829224115,,,,,,,,,,,,,,
Dante,719644238,,,,,,,,,,,,,,
Emmanuel,219878525,,,,,,,,,,,,,,
Keshia,816839243,,,,,,,,,,,,,,
Sherman,226213361,,,,,,,,,,,,,,
Lore,387803473,,,,,,,,,,,,,,
Shawn,394809611,,,,,,,,,,,,,,
Karima,259778561,,,,,,,,,,,,,,
Francesco,816874873,,,,,,,,,,,,,,
King,876052080,,,,,,,,,,,,,,
Mica,710373391,,,,,,,,,,,,,,
Lamonica,852272620,,,,,,,,,,,,,,
Curtis,862789532,,,,,,,,,,,,,,
Sabrina,356623542,,,,,,,,,,,,,,
Denae,328027434,,,,,,,,,,,,,,
Anastacia,260783417,,,,,,,,,,,,,,
Irving,390502741,,,,,,,,,,,,,,
Elenor,750858138,,,,,,,,,,,,,,
Mary,880126469,,,,,,,,,,,,,,
Crista,294725814,,,,,,,,,,,,,,
Lawana,323243472,,,,,,,,,,,,,,
Maryrose,280108344,,,,,,,,,,,,,,
Lindsey,812691489,,,,,,,,,,,,,,
Lynelle,352138219,,,,,,,,,,,,,,
Brice,852032193,,,,,,,,,,,,,,
Laine,328136426,,,,,,,,,,,,,,
Rachael,820898553,,,,,,,,,,,,,,
Della,248858382,,,,,,,,,,,,,,
Thomasena,848494417,,,,,,,,,,,,,,
Frederic,348295695,,,,,,,,,,,,,,
Halina,867422308,,,,,,,,,,,,,,
Ryann,799203550,,,,,,,,,,,,,,
Shawn,731038372,,,,,,,,,,,,,,
Leah,840409192,,,,,,,,,,,,,,
Ira,747249987,,,,,,,,,,,,,,
Paris,745184450,,,,,,,,,,,,,,
Shayne,885871196,,,,,,,,,,,,,,
Ernestine,811406357,,,,,,,,,,,,,,
Eleonore,353555505,,,,,,,,,,,,,,
Misty,754861002,,,,,,,,,,,,,,
Na,882151588,,,,,,,,,,,,,,
Juan,391736140,,,,,,,,,,,,,,
Gerald,742974607,,,,,,,,,,,,,,
Desmond,767935954,,,,,,,,,,,,,,
Tommy,254441961,,,,,,,,,,,,,,
Adrianna,761139653,,,,,,,,,,,,,,
Adaline,232251954,,,,,,,,,,,,,,
Tammi,897072679,,,,,,,,,,,,,,
Virgilio,881479584,,,,,,,,,,,,,,
Emeline,772406480,,,,,,,,,,,,,,
Marcos,363405010,,,,,,,,,,,,,,
Yuonne,874324632,,,,,,,,,,,,,,
Gladis,764443666,,,,,,,,,,,,,,
Muriel,756868088,,,,,,,,,,,,,,
Juliann,835628644,,,,,,,,,,,,,,
Reiko,837335261,,,,,,,,,,,,,,
Verdell,262917620,,,,,,,,,,,,,,
Arleen,734762066,,,,,,,,,,,,,,
Launa,898082647,,,,,,,,,,,,,,
Casandra,258086388,,,,,,,,,,,,,,
Julio,256329914,,,,,,,,,,,,,,
Alica,269747785,,,,,,,,,,,,,,
Karol,234902407,,,,,,,,,,,,,,
Wava,212227812,,,,,,,,,,,,,,
Felicitas,785166453,,,,,,,,,,,,,,
Jamie,246238120,,,,,,,,,,,,,,
Fidelia,280359997,,,,,,,,,,,,,,
Kris,365892556,,,,,,,,,,,,,,
Lashawna,869374366,,,,,,,,,,,,,,
Lachelle,234169617,,,,,,,,,,,,,,
Katy,230031369,,,,,,,,,,,,,,
Bettyann,829013421,,,,,,,,,,,,,,
Valda,824015672,,,,,,,,,,,,,,
Lynette,766793722,,,,,,,,,,,,,,
Victor,281566969,,,,,,,,,,,,,,
Pa,318615074,,,,,,,,,,,,,,
Dorathy,363409772,,,,,,,,,,,,,,
Rodrigo,238694096,,,,,,,,,,,,,,
Stanford,832001670,,,,,,,,,,,,,,
Michael,219191709,,,,,,,,,,,,,,
Ines,750177337,,,,,,,,,,,,,,
Dorinda,265299317,,,,,,,,,,,,,,
Clarence,247761384,,,,,,,,,,,,,,
Omer,899199540,,,,,,,,,,,,,,
Winifred,253181342,,,,,,,,,,,,,,
Theresia,782502277,,,,,,,,,,,,,,
Daisy,821275977,,,,,,,,,,,,,,
Aretha,873852716,,,,,,,,,,,,,,
Bettina,235667608,,,,,,,,,,,,,,
Omega,366235501,,,,,,,,,,,,,,
Dana,266891150,,,,,,,,,,,,,,
Naomi,861371726,,,,,,,,,,,,,,
Luis,344924927,,,,,,,,,,,,,,
Dominga,830879658,,,,,,,,,,,,,,
Isreal,234943282,,,,,,,,,,,,,,
Myrtie,831742706,,,,,,,,,,,,,,
Jodi,261935184,,,,,,,,,,,,,,
Pearly,834126699,,,,,,,,,,,,,,
Aileen,811962822,,,,,,,,,,,,,,
Glory,792657183,,,,,,,,,,,,,,
Kathrine,387919436,,,,,,,,,,,,,,
Domingo,899197850,,,,,,,,,,,,,,
Julian,726279976,,,,,,,,,,,,,,
Marylou,317654584,,,,,,,,,,,,,,
Louis,852283628,,,,,,,,,,,,,,
Ellsworth,327491381,,,,,,,,,,,,,,
Wilburn,810424275,,,,,,,,,,,,,,
Arlie,212113823,,,,,,,,,,,,,,
Alysa,213853480,,,,,,,,,,,,,,
Marilynn,314477041,,,,,,,,,,,,,,
Scot,296764462,,,,,,,,,,,,,,
Adelaide,775385504,,,,,,,,,,,,,,
Jackie,380558668,,,,,,,,,,,,,,
Carli,753547251,,,,,,,,,,,,,,
Coletta,819916947,,,,,,,,,,,,,,
Katheryn,248851611,,,,,,,,,,,,,,
Santos,229574812,,,,,,,,,,,,,,
Kimberely,270918948,,,,,,,,,,,,,,
Earlean,296532199,,,,,,,,,,,,,,
Dannette,787384205,,,,,,,,,,,,,,
Odelia,898951954,,,,,,,,,,,,,,
Lina,336085660,,,,,,,,,,,,,,
Fredric,218271736,,,,,,,,,,,,,,
Alfreda,773698849,,,,,,,,,,,,,,
Bernadine,218158700,,,,,,,,,,,,,,
Ming,340101900,,,,,,,,,,,,,,
Gracia,280813883,,,,,,,,,,,,,,
Yuette,847008894,,,,,,,,,,,,,,
Yuriko,811095346,,,,,,,,,,,,,,
Hyman,892809177,,,,,,,,,,,,,,
Linette,774897577,,,,,,,,,,,,,,
Jospeh,384517537,,,,,,,,,,,,,,
Anna,246495341,,,,,,,,,,,,,,
Shawnta,257708546,,,,,,,,,,,,,,
Ettie,893787021,,,,,,,,,,,,,,
Chara,325748915,,,,,,,,,,,,,,
Lauran,827043706,,,,,,,,,,,,,,
Pansy,332334255,,,,,,,,,,,,,,
Georgeanna,374166750,,,,,,,,,,,,,,
Jesus,244185927,,,,,,,,,,,,,,
Jamey,760735039,,,,,,,,,,,,,,
Alberta,312488221,,,,,,,,,,,,,,
Ronald,833055436,,,,,,,,,,,,,,
Tamala,336952399,,,,,,,,,,,,,,
Gerry,813992471,,,,,,,,,,,,,,
Isaiah,337256290,,,,,,,,,,,,,,
Magnolia,279472980,,,,,,,,,,,,,,
Ngoc,822645559,,,,,,,,,,,,,,
Julene,310369594,,,,,,,,,,,,,,
Magda,237133646,,,,,,,,,,,,,,
Shantell,753465917,,,,,,,,,,,,,,
Audria,897572379,,,,,,,,,,,,,,
Nickole,255736627,,,,,,,,,,,,,,
Grover,877853040,,,,,,,,,,,,,,
Rocco,839877521,,,,,,,,,,,,,,
Ethan,882809492,,,,,,,,,,,,,,
Glynda,310517865,,,,,,,,,,,,,,
Yolande,821362433,,,,,,,,,,,,,,
Twanna,752357319,,,,,,,,,,,,,,
Rosenda,395994122,,,,,,,,,,,,,,
Lacey,741193981,,,,,,,,,,,,,,
Cordie,287274906,,,,,,,,,,,,,,
Annalee,261188773,,,,,,,,,,,,,,
Dana,735119233,,,,,,,,,,,,,,
Wai,348113832,,,,,,,,,,,,,,
Johana,865797569,,,,,,,,,,,,,,
Tomas,715364805,,,,,,,,,,,,,,
Karon,366988416,,,,,,,,,,,,,,
Delbert,315606800,,,,,,,,,,,,,,
Ashleigh,353549557,,,,,,,,,,,,,,
Nenita,250592649,,,,,,,,,,,,,,
Micah,862706829,,,,,,,,,,,,,,
Stefany,822098647,,,,,,,,,,,,,,
Rene,882223171,,,,,,,,,,,,,,
Cary,877188495,,,,,,,,,,,,,,
Micheal,298284921,,,,,,,,,,,,,,
Frederick,348007102,,,,,,,,,,,,,,
Burma,364384586,,,,,,,,,,,,,,
Cherry,851753585,,,,,,,,,,,,,,
Gabriele,326896049,,,,,,,,,,,,,,
Clement,327754083,,,,,,,,,,,,,,
Beckie,256303114,,,,,,,,,,,,,,
Catrice,790325149,,,,,,,,,,,,,,
Richelle,868316370,,,,,,,,,,,,,,
Cherri,756267937,,,,,,,,,,,,,,
Dorethea,722092731,,,,,,,,,,,,,,
Barb,885067259,,,,,,,,,,,,,,
Bettye,394242956,,,,,,,,,,,,,,
Sherrell,240744461,,,,,,,,,,,,,,
Ruth,751288956,,,,,,,,,,,,,,
Alva,883294211,,,,,,,,,,,,,,
Carri,860691579,,,,,,,,,,,,,,
Onita,211573829,,,,,,,,,,,,,,
Jessenia,888785994,,,,,,,,,,,,,,
Tricia,843261560,,,,,,,,,,,,,,
Stephaine,720316566,,,,,,,,,,,,,,
Florinda,225018301,,,,,,,,,,,,,,
Marsha,254028024,,,,,,,,,,,,,,
Josefa,754046221,,,,,,,,,,,,,,
Deeann,763825073,,,,,,,,,,,,,,
Jeannetta,282229319,,,,,,,,,,,,,,
Desmond,217068506,,,,,,,,,,,,,,
Trina,759221983,,,,,,,,,,,,,,
Ramonita,243608467,,,,,,,,,,,,,,
Temeka,225817479,,,,,,,,,,,,,,
Bea,769849278,,,,,,,,,,,,,,
Soledad,212918182,,,,,,,,,,,,,,
Margurite,397217313,,,,,,,,,,,,,,
Artie,334572524,,,,,,,,,,,,,,
Major,713776898,,,,,,,,,,,,,,
Veronika,242025191,,,,,,,,,,,,,,
Christene,336302467,,,,,,,,,,,,,,
Miles,785615894,,,,,,,,,,,,,,
Julio,269959902,,,,,,,,,,,,,,
Aide,237387508,,,,,,,,,,,,,,
Noelia,837733770,,,,,,,,,,,,,,
Lenora,278625151,,,,,,,,,,,,,,
